K,seed,bic_rep,aic_rep,log_lik_rep,bic_w,aic_w,log_lik_w,n_eff,flow_within,flow_between,min_sys_frac,silhouette,n_edges,n_params,converged
1,0,337141.46993052907,337024.8540948072,-168498.4270474036,3125.971790794464,3046.115781426649,-1509.0578907133245,2217.200557812128,100.0,0.0,100.0,,10551,14,True
1,1,337141.46993052907,337024.8540948072,-168498.4270474036,3125.971790794464,3046.115781426649,-1509.0578907133245,2217.200557812128,100.0,0.0,100.0,,10551,14,True
1,2,337141.46993052907,337024.8540948072,-168498.4270474036,3125.971790794464,3046.115781426649,-1509.0578907133245,2217.200557812128,100.0,0.0,100.0,,10551,14,True
1,3,337141.46993052907,337024.8540948072,-168498.4270474036,3125.971790794464,3046.115781426649,-1509.0578907133245,2217.200557812128,100.0,0.0,100.0,,10551,14,True
1,4,337141.46993052907,337024.8540948072,-168498.4270474036,3125.971790794464,3046.115781426649,-1509.0578907133245,2217.200557812128,100.0,0.0,100.0,,10551,14,True
1,5,337141.46993052907,337024.8540948072,-168498.4270474036,3125.971790794464,3046.115781426649,-1509.0578907133245,2217.200557812128,100.0,0.0,100.0,,10551,14,True
1,6,337141.46993052907,337024.8540948072,-168498.4270474036,3125.971790794464,3046.115781426649,-1509.0578907133245,2217.200557812128,100.0,0.0,100.0,,10551,14,True
1,7,337141.46993052907,337024.8540948072,-168498.4270474036,3125.971790794464,3046.115781426649,-1509.0578907133245,2217.200557812128,100.0,0.0,100.0,,10551,14,True
1,8,337141.46993052907,337024.8540948072,-168498.4270474036,3125.971790794464,3046.115781426649,-1509.0578907133245,2217.200557812128,100.0,0.0,100.0,,10551,14,True
1,9,337141.46993052907,337024.8540948072,-168498.4270474036,3125.971790794464,3046.115781426649,-1509.0578907133245,2217.200557812128,100.0,0.0,100.0,,10551,14,True
1,10,337141.46993052907,337024.8540948072,-168498.4270474036,3125.971790794464,3046.115781426649,-1509.0578907133245,2217.200557812128,100.0,0.0,100.0,,10551,14,True
1,11,337141.46993052907,337024.8540948072,-168498.4270474036,3125.971790794464,3046.115781426649,-1509.0578907133245,2217.200557812128,100.0,0.0,100.0,,10551,14,True
1,12,337141.46993052907,337024.8540948072,-168498.4270474036,3125.971790794464,3046.115781426649,-1509.0578907133245,2217.200557812128,100.0,0.0,100.0,,10551,14,True
1,13,337141.46993052907,337024.8540948072,-168498.4270474036,3125.971790794464,3046.115781426649,-1509.0578907133245,2217.200557812128,100.0,0.0,100.0,,10551,14,True
1,14,337141.46993052907,337024.8540948072,-168498.4270474036,3125.971790794464,3046.115781426649,-1509.0578907133245,2217.200557812128,100.0,0.0,100.0,,10551,14,True
1,15,337141.46993052907,337024.8540948072,-168498.4270474036,3125.971790794464,3046.115781426649,-1509.0578907133245,2217.200557812128,100.0,0.0,100.0,,10551,14,True
1,16,337141.46993052907,337024.8540948072,-168498.4270474036,3125.971790794464,3046.115781426649,-1509.0578907133245,2217.200557812128,100.0,0.0,100.0,,10551,14,True
1,17,337141.46993052907,337024.8540948072,-168498.4270474036,3125.971790794464,3046.115781426649,-1509.0578907133245,2217.200557812128,100.0,0.0,100.0,,10551,14,True
1,18,337141.46993052907,337024.8540948072,-168498.4270474036,3125.971790794464,3046.115781426649,-1509.0578907133245,2217.200557812128,100.0,0.0,100.0,,10551,14,True
1,19,337141.46993052907,337024.8540948072,-168498.4270474036,3125.971790794464,3046.115781426649,-1509.0578907133245,2217.200557812128,100.0,0.0,100.0,,10551,14,True
2,0,327717.89816475933,327476.336790764,-163709.168395382,3150.40433027575,2984.98831087099,-1463.494155435495,2217.200557812128,75.27977201795193,24.720227982048073,40.33232781701279,,10551,29,True
2,1,326376.13515730324,326134.5737833079,-163038.28689165396,3140.7336011456837,2975.3175817409237,-1458.6587908704619,2217.200557812128,74.31497560822487,25.685024391775137,38.905813550662124,,10551,29,True
2,2,326376.13515730324,326134.5737833079,-163038.28689165396,3140.7336011456837,2975.3175817409237,-1458.6587908704619,2217.200557812128,74.31497560822487,25.685024391775137,38.905813550662124,,10551,29,True
2,3,326366.54686252715,326124.9854885318,-163033.4927442659,3140.6719035136884,2975.2558841089285,-1458.6279420544643,2217.200557812128,74.31497560822487,25.685024391775137,38.905813550662124,,10551,29,True
2,4,326368.6426036706,326127.08122967527,-163034.54061483764,3140.6962818967577,2975.2802624919977,-1458.6401312459989,2217.200557812128,74.31497560822487,25.685024391775137,38.905813550662124,,10551,29,True
2,5,326366.54686252715,326124.9854885318,-163033.4927442659,3140.6719035136884,2975.2558841089285,-1458.6279420544643,2217.200557812128,74.31497560822487,25.685024391775137,38.905813550662124,,10551,29,True
2,6,326366.54686252715,326124.9854885318,-163033.4927442659,3140.6719035136884,2975.2558841089285,-1458.6279420544643,2217.200557812128,74.31497560822487,25.685024391775137,38.905813550662124,,10551,29,True
2,7,326376.9427992262,326135.3814252309,-163038.69071261544,3140.7343657934935,2975.3183463887335,-1458.6591731943668,2217.200557812128,74.31497560822487,25.685024391775137,38.905813550662124,,10551,29,True
2,8,326376.13515730324,326134.5737833079,-163038.28689165396,3140.7336011456837,2975.3175817409237,-1458.6587908704619,2217.200557812128,74.31497560822487,25.685024391775137,38.905813550662124,,10551,29,True
2,9,326376.13515730324,326134.5737833079,-163038.28689165396,3140.7336011456837,2975.3175817409237,-1458.6587908704619,2217.200557812128,74.31497560822487,25.685024391775137,38.905813550662124,,10551,29,True
2,10,326366.54686252715,326124.9854885318,-163033.4927442659,3140.6719035136884,2975.2558841089285,-1458.6279420544643,2217.200557812128,74.31497560822487,25.685024391775137,38.905813550662124,,10551,29,True
2,11,326376.13515730324,326134.5737833079,-163038.28689165396,3140.7336011456837,2975.3175817409237,-1458.6587908704619,2217.200557812128,74.31497560822487,25.685024391775137,38.905813550662124,,10551,29,True
2,12,326366.54686252715,326124.9854885318,-163033.4927442659,3140.6719035136884,2975.2558841089285,-1458.6279420544643,2217.200557812128,74.31497560822487,25.685024391775137,38.905813550662124,,10551,29,True
2,13,327717.89816475933,327476.336790764,-163709.168395382,3150.40433027575,2984.98831087099,-1463.494155435495,2217.200557812128,75.27977201795193,24.720227982048073,40.33232781701279,,10551,29,True
2,14,326366.54686252715,326124.9854885318,-163033.4927442659,3140.6719035136884,2975.2558841089285,-1458.6279420544643,2217.200557812128,74.31497560822487,25.685024391775137,38.905813550662124,,10551,29,True
2,15,327717.89816475933,327476.336790764,-163709.168395382,3150.40433027575,2984.98831087099,-1463.494155435495,2217.200557812128,75.27977201795193,24.720227982048073,40.33232781701279,,10551,29,True
2,16,326376.13515730324,326134.5737833079,-163038.28689165396,3140.7336011456837,2975.3175817409237,-1458.6587908704619,2217.200557812128,74.31497560822487,25.685024391775137,38.905813550662124,,10551,29,True
2,17,326376.13515730324,326134.5737833079,-163038.28689165396,3140.7336011456837,2975.3175817409237,-1458.6587908704619,2217.200557812128,74.31497560822487,25.685024391775137,38.905813550662124,,10551,29,True
2,18,326369.4550261833,326127.89365218795,-163034.94682609398,3140.696873934443,2975.280854529683,-1458.6404272648415,2217.200557812128,74.31497560822487,25.685024391775137,38.905813550662124,,10551,29,True
2,19,326369.4550261833,326127.89365218795,-163034.94682609398,3140.696873934443,2975.280854529683,-1458.6404272648415,2217.200557812128,74.31497560822487,25.685024391775137,38.905813550662124,,10551,29,True
3,0,317355.9141391362,316989.40722686745,-158450.70361343372,3169.3294130443574,2918.3533836026527,-1415.1766918013263,2217.200557812128,68.97325724049,31.026742759509997,12.508768631030895,,10551,44,True
3,1,317306.1966867607,316939.68977449194,-158425.84488724597,3169.3520135016274,2918.3759840599228,-1415.1879920299614,2217.200557812128,69.47382514806814,30.526174851931852,12.16611863447132,,10551,44,True
3,2,317327.7975371895,316961.29062492074,-158436.64531246037,3169.4640824079734,2918.4880529662687,-1415.2440264831343,2217.200557812128,69.0524393361981,30.947560663801898,12.49636017642715,,10551,44,True
3,3,317298.8700432076,316932.36313093884,-158422.18156546942,3169.310227054948,2918.3341976132433,-1415.1670988066217,2217.200557812128,69.47382514806814,30.526174851931852,12.16611863447132,,10551,44,True
3,4,317330.4865149448,316963.97960267606,-158437.98980133803,3169.4758076988364,2918.4997782571318,-1415.2498891285659,2217.200557812128,69.05243933619812,30.947560663801887,12.49636017642715,,10551,44,True
3,5,317307.3348898731,316940.82797760435,-158426.41398880217,3169.3581394242738,2918.382109982569,-1415.1910549912845,2217.200557812128,69.47382514806814,30.526174851931852,12.16611863447132,,10551,44,True
3,6,317298.49875616585,316931.9918438971,-158421.99592194855,3169.307873598991,2918.3318441572865,-1415.1659220786432,2217.200557812128,69.47382514806814,30.526174851931852,12.16611863447132,,10551,44,True
3,7,317331.17974916514,316964.6728368964,-158438.3364184482,3169.4783190378294,2918.5022895961247,-1415.2511447980623,2217.200557812128,69.05243933619812,30.947560663801887,12.49636017642715,,10551,44,True
3,8,317301.45324350515,316934.9463312364,-158423.4731656182,3169.3247872325883,2918.3487577908836,-1415.1743788954418,2217.200557812128,69.47382514806814,30.526174851931852,12.16611863447132,,10551,44,True
3,9,317330.4946705676,316963.98775829887,-158437.99387914944,3169.492748945574,2918.5167195038694,-1415.2583597519347,2217.200557812128,69.05243933619812,30.947560663801887,12.49636017642715,,10551,44,True
3,10,317323.0586077712,316956.5516955024,-158434.2758477512,3169.426917493309,2918.450888051604,-1415.225444025802,2217.200557812128,69.47382514806814,30.526174851931852,12.16611863447132,,10551,44,True
3,11,317325.83096533985,316959.3240530711,-158435.66202653555,3168.776764576359,2917.800735134654,-1414.900367567327,2217.200557812128,69.82870032779628,30.171299672203723,11.160042353052171,,10551,44,True
3,12,317331.17974916514,316964.6728368964,-158438.3364184482,3169.4783190378294,2918.5022895961247,-1415.2511447980623,2217.200557812128,69.05243933619812,30.947560663801887,12.49636017642715,,10551,44,True
3,13,317316.4647658746,316949.95785360585,-158430.97892680293,3168.6305300262943,2917.6545005845896,-1414.8272502922948,2217.200557812128,69.82870032779628,30.171299672203723,11.160042353052171,,10551,44,True
3,14,317323.0586077712,316956.5516955024,-158434.2758477512,3169.426917493309,2918.450888051604,-1415.225444025802,2217.200557812128,69.47382514806814,30.526174851931852,12.16611863447132,,10551,44,True
3,15,317327.3993281102,316960.89241584146,-158436.44620792073,3169.4613905113747,2918.48536106967,-1415.242680534835,2217.200557812128,69.05243933619812,30.947560663801887,12.49636017642715,,10551,44,True
3,16,317330.2139127532,316963.70700048446,-158437.85350024223,3169.454182228321,2918.478152786616,-1415.239076393308,2217.200557812128,69.19200636213978,30.80799363786022,12.146408783685555,,10551,44,True
3,17,317327.3993281102,316960.89241584146,-158436.44620792073,3169.4613905113747,2918.48536106967,-1415.242680534835,2217.200557812128,69.05243933619812,30.947560663801887,12.49636017642715,,10551,44,True
3,18,317354.2860397211,316987.77912745235,-158449.88956372617,3169.316031475538,2918.340002033833,-1415.1700010169166,2217.200557812128,68.97325724049,31.026742759509997,12.508768631030895,,10551,44,True
3,19,317326.18176245346,316959.6748501847,-158435.83742509235,3169.4478467070385,2918.471817265334,-1415.235908632667,2217.200557812128,69.0524393361981,30.947560663801898,12.49636017642715,,10551,44,True
4,0,305784.40820556454,305292.95575502235,-152587.47787751118,3176.361077856903,2839.8250383782533,-1360.9125191891267,2217.200557812128,61.958761559537514,38.041238440462486,10.017473327368904,,10551,59,True
4,1,308347.5045891281,307856.0521385859,-153869.02606929294,3198.904125632022,2862.368086153372,-1372.184043076686,2217.200557812128,54.26779241279588,45.73220758720412,10.785722756233078,,10551,59,True
4,2,308259.8753198466,307768.4228693044,-153825.2114346522,3197.936095156914,2861.400055678264,-1371.700027839132,2217.200557812128,55.55624251446054,44.44375748553946,10.067258190835375,,10551,59,True
4,3,308346.75589105854,307855.30344051635,-153868.65172025817,3198.8981322740724,2862.3620927954225,-1372.1810463977113,2217.200557812128,53.9812177009245,46.0187822990755,11.129431962336984,,10551,59,True
4,4,305769.4962324376,305278.0437818954,-152580.0218909477,3176.264471923049,2839.728432444399,-1360.8642162221995,2217.200557812128,61.446044072432905,38.553955927567095,10.017473327368903,,10551,59,True
4,5,308290.7065378984,307799.2540873562,-153840.6270436781,3198.41350411537,2861.87746463672,-1371.93873231836,2217.200557812128,54.060158537371485,45.939841462628515,11.129431962336982,,10551,59,True
4,6,308344.5905959118,307853.1381453696,-153867.5690726848,3198.8847062783725,2862.3486667997227,-1372.1743333998613,2217.200557812128,54.094519081755564,45.905480918244436,11.129431962336984,,10551,59,True
4,7,308347.6479694076,307856.1955188654,-153869.0977594327,3198.906860924739,2862.370821446089,-1372.1854107230445,2217.200557812128,53.98121770092451,46.01878229907549,11.129431962336984,,10551,59,True
4,8,305747.50685814343,305256.05440760124,-152569.02720380062,3176.0052342128142,2839.4691947341644,-1360.7345973670822,2217.200557812128,61.961692787639876,38.038307212360124,10.017473327368904,,10551,59,True
4,9,306626.82627934363,306135.37382880144,-153008.68691440072,3183.101667849593,2846.565628370943,-1364.2828141854716,2217.200557812128,59.76423024381966,40.23576975618034,11.825619916605982,,10551,59,True
4,10,308346.978293028,307855.52584248583,-153868.76292124292,3198.9003788367495,2862.3643393580996,-1372.1821696790498,2217.200557812128,53.981217700924525,46.018782299075475,11.129431962336982,,10551,59,True
4,11,308327.41243845347,307835.9599879113,-153858.97999395564,3198.7278076718308,2862.191768193181,-1372.0958840965905,2217.200557812128,54.094519081755564,45.905480918244436,11.129431962336982,,10551,59,True
4,12,308349.3435310075,307857.8910804653,-153869.94554023264,3198.9203105654256,2862.3842710867757,-1372.1921355433878,2217.200557812128,53.981217700924525,46.018782299075475,11.129431962336984,,10551,59,True
4,13,308241.25991324417,307749.807462702,-153815.903731351,3197.631372763675,2861.095333285025,-1371.5476666425125,2217.200557812128,55.801669490412344,44.198330509587656,10.413386629485604,,10551,59,True
4,14,306625.8531746093,306134.4007240671,-153008.20036203356,3183.0906090112735,2846.5545695326236,-1364.2772847663118,2217.200557812128,59.76423024381966,40.23576975618034,11.825619916605982,,10551,59,True
4,15,306656.08929564053,306164.63684509834,-153023.31842254917,3183.530187648863,2846.994148170213,-1364.4970740851065,2217.200557812128,59.34807336067385,40.65192663932615,11.825619916605984,,10551,59,True
4,16,308342.7384892689,307851.2860387267,-153866.64301936334,3198.8698417514856,2862.333802272836,-1372.166901136418,2217.200557812128,54.094519081755564,45.905480918244436,11.129431962336982,,10551,59,True
4,17,306632.46735889063,306141.01490834844,-153011.50745417422,3183.292453054104,2846.756413575454,-1364.378206787727,2217.200557812128,59.346881247630456,40.653118752369544,11.825619916605982,,10551,59,True
4,18,305738.211659718,305246.7592091758,-152564.3796045879,3175.908696166772,2839.3726566881223,-1360.6863283440612,2217.200557812128,61.96169278763989,38.03830721236011,10.017473327368904,,10551,59,True
4,19,305721.10415699246,305229.65170645027,-152555.82585322513,3175.617145626658,2839.081106148008,-1360.540553074004,2217.200557812128,62.375740543680756,37.624259456319244,10.017473327368903,,10551,59,True
5,0,300955.6464745613,300339.24848574563,-150095.62424287281,3244.1995769325295,2822.103527416935,-1337.0517637084674,2217.200557812128,60.12623277637608,39.87376722362392,7.264850210992037,,10551,74,True
5,1,300950.6279105963,300334.22992178064,-150093.11496089032,3244.1619104683978,2822.065860952803,-1337.0329304764016,2217.200557812128,60.1262327763761,39.8737672236239,7.264850210992035,,10551,74,True
5,2,302084.62541253585,301468.2274237202,-150660.1137118601,3255.480379801615,2833.3843302860205,-1342.6921651430102,2217.200557812128,56.03962420800972,43.96037579199028,5.686782931226206,,10551,74,True
5,3,300949.9571619946,300333.5591731789,-150092.77958658946,3244.0887614695184,2821.992711953924,-1336.996355976962,2217.200557812128,60.12623277637608,39.87376722362392,7.264850210992035,,10551,74,True
5,4,301331.96488633356,300715.5668975179,-150283.78344875894,3249.4925303956356,2827.396480880041,-1339.6982404400205,2217.200557812128,58.165232031588474,41.834767968411526,6.327654612492816,,10551,74,True
5,5,300946.3170134011,300329.9190245854,-150090.9595122927,3244.0780188126328,2821.981969297038,-1336.990984648519,2217.200557812128,60.12623277637608,39.87376722362392,7.264850210992035,,10551,74,True
5,6,300946.0939693278,300329.69598051213,-150090.84799025606,3244.074657253454,2821.9786077378594,-1336.9893038689297,2217.200557812128,60.12623277637608,39.87376722362392,7.264850210992035,,10551,74,True
5,7,302585.3315429197,301968.933554104,-150910.466777052,3259.1745165601337,2837.078467044539,-1344.5392335222696,2217.200557812128,53.349493514406355,46.650506485593645,2.389357459669789,,10551,74,True
5,8,302080.4820441685,301464.08405535284,-150658.04202767642,3255.406118174436,2833.3100686588414,-1342.6550343294207,2217.200557812128,56.03962420800972,43.96037579199028,5.686782931226207,,10551,74,True
5,9,300946.43766805186,300330.0396792362,-150091.0198396181,3244.1084853662364,2822.012435850642,-1337.006217925321,2217.200557812128,60.12623277637608,39.87376722362392,7.264850210992035,,10551,74,True
5,10,302083.2300839776,301466.83209516195,-150659.41604758098,3255.466103065122,2833.3700535495273,-1342.6850267747636,2217.200557812128,56.03962420800972,43.96037579199028,5.686782931226206,,10551,74,True
5,11,300947.890831489,300331.4928426733,-150091.74642133666,3244.113880629207,2822.0178311136124,-1337.0089155568062,2217.200557812128,60.12623277637608,39.87376722362392,7.264850210992035,,10551,74,True
5,12,301236.35849023017,300619.9605014145,-150235.98025070725,3248.9405334405333,2826.8444839249387,-1339.4222419624693,2217.200557812128,59.129453249024486,40.870546750975514,4.060714304591191,,10551,74,True
5,13,300951.61829468445,300335.2203058688,-150093.6101529344,3244.093456350228,2821.9974068346332,-1336.9987034173166,2217.200557812128,60.126232776376064,39.873767223623936,7.264850210992035,,10551,74,True
5,14,300949.92333567486,300333.5253468592,-150092.7626734296,3244.165079493331,2822.0690299777366,-1337.0345149888683,2217.200557812128,60.126232776376064,39.873767223623936,7.264850210992035,,10551,74,True
5,15,300958.31666474475,300341.9186759291,-150096.95933796454,3244.1581081377444,2822.06205862215,-1337.031029311075,2217.200557812128,60.22061524007051,39.77938475992949,7.264850210992037,,10551,74,True
5,16,300948.96066346345,300332.5626746478,-150092.2813373239,3244.139073659251,2822.0430241436566,-1337.0215120718283,2217.200557812128,60.1262327763761,39.8737672236239,7.264850210992035,,10551,74,True
5,17,302021.83362277783,301405.43563396216,-150628.71781698108,3254.579210404799,2832.4831608892046,-1342.2415804446023,2217.200557812128,56.6984169818148,43.3015830181852,5.27382303846435,,10551,74,True
5,18,300947.73618005775,300331.3381912421,-150091.66909562104,3244.1117005076017,2822.015650992007,-1337.0078254960035,2217.200557812128,60.12623277637608,39.87376722362392,7.264850210992035,,10551,74,True
5,19,300948.48621292063,300332.08822410495,-150092.04411205248,3244.1332575723413,2822.0372080567467,-1337.0186040283734,2217.200557812128,60.126232776376085,39.873767223623915,7.264850210992035,,10551,74,True
6,0,298826.12470295944,298084.78117587033,-148953.39058793517,3337.211840318941,2829.5557807664018,-1325.7778903832009,2217.200557812128,44.29134714381773,55.70865285618227,8.036834927409947,,10551,89,True
6,1,298819.4966715862,298078.1531444971,-148950.07657224854,3337.044547853399,2829.3884883008595,-1325.6942441504298,2217.200557812128,43.22332058392258,56.77667941607743,8.66727258408232,,10551,89,True
6,2,298825.81906455616,298084.47553746705,-148953.23776873352,3337.1133735955527,2829.4573140430134,-1325.7286570215067,2217.200557812128,43.25459602961619,56.74540397038381,8.667272584082319,,10551,89,True
6,3,298820.964169835,298079.62064274587,-148950.81032137293,3337.175964369659,2829.51990481712,-1325.75995240856,2217.200557812128,44.3673844417409,55.63261555825909,8.036834927409949,,10551,89,True
6,4,298809.5729147836,298068.2293876945,-148945.11469384725,3337.134633818241,2829.478574265702,-1325.739287132851,2217.200557812128,46.03420551724871,53.96579448275129,8.036834927409949,,10551,89,True
6,5,298824.4055323226,298083.0620052335,-148952.53100261674,3337.1792532906247,2829.5231937380854,-1325.7615968690427,2217.200557812128,44.524326939638485,55.475673060361515,8.036834927409947,,10551,89,True
6,6,298832.7467271981,298091.40320010897,-148956.70160005448,3337.3469460947213,2829.690886542182,-1325.845443271091,2217.200557812128,44.29134714381773,55.70865285618227,8.036834927409947,,10551,89,True
6,7,298830.099595769,298088.7560686799,-148955.37803433996,3337.3830599003854,2829.727000347846,-1325.863500173923,2217.200557812128,44.823555886311134,55.17644411368887,8.036834927409949,,10551,89,True
6,8,298173.9530072401,297432.609480151,-148627.3047400755,3334.3284666851046,2826.6724071325652,-1324.3362035662826,2217.200557812128,47.85087806613742,52.14912193386259,2.7374390780244138,,10551,89,True
6,9,298834.52248051064,298093.17895342153,-148957.58947671077,3337.194673676447,2829.538614123908,-1325.769307061954,2217.200557812128,43.254596029616195,56.74540397038381,8.667272584082319,,10551,89,True
6,10,300280.83985215036,299539.49632506125,-149680.74816253062,3352.3873167268916,2844.7312571743523,-1333.3656285871762,2217.200557812128,45.434956993611785,54.565043006388215,8.304912736736982,,10551,89,True
6,11,298822.4630785789,298081.11955148977,-148951.55977574488,3337.07578712251,2829.4197275699707,-1325.7098637849854,2217.200557812128,43.31963955805126,56.68036044194875,8.66727258408232,,10551,89,True
6,12,298837.28026774595,298095.93674065685,-148958.96837032842,3337.4529588518776,2829.7968992993383,-1325.8984496496691,2217.200557812128,44.823555886311134,55.17644411368887,8.036834927409949,,10551,89,True
6,13,298846.02724828856,298104.68372119946,-148963.34186059973,3337.535824768936,2829.8797652163967,-1325.9398826081983,2217.200557812128,44.751664373261235,55.248335626738765,8.036834927409949,,10551,89,True
6,14,298830.01879300934,298088.67526592023,-148955.33763296012,3337.3879277023684,2829.731868149829,-1325.8659340749145,2217.200557812128,44.50263695529217,55.497363044707825,8.03683492740995,,10551,89,True
6,15,298836.82124243956,298095.47771535045,-148958.73885767523,3337.401055918554,2829.7449963660147,-1325.8724981830073,2217.200557812128,44.229306029383956,55.77069397061605,8.036834927409949,,10551,89,True
6,16,297248.81728301174,296507.47375592263,-148164.73687796132,3325.8147508341717,2818.1586912816324,-1320.0793456408162,2217.200557812128,53.83653721926399,46.16346278073601,2.7538010273263946,,10551,89,True
6,17,298824.25400592666,298082.91047883756,-148952.45523941878,3337.180609288939,2829.5245497364,-1325.7622748682,2217.200557812128,44.65363589059676,55.34636410940323,8.036834927409947,,10551,89,True
6,18,298209.7796178751,297468.436090786,-148645.218045393,3334.6588153965863,2827.002755844047,-1324.5013779220235,2217.200557812128,47.85343867667099,52.14656132332901,2.7374390780244138,,10551,89,True
6,19,298094.2840058093,297352.9404787202,-148587.4702393601,3333.7365140864927,2826.0804545339533,-1324.0402272669767,2217.200557812128,48.17019844777675,51.82980155222325,2.7374390780244138,,10551,89,True
